"","V1","V2","V3","V4","V5","V6","V7","V8","V9","V10","V11","V12","V13","V14","V15","V16","V17","V18","V19","V20","V21","V22","V23","V24","V25","V26","V27","V28","V29","V30","V31","V32","V33","V34","V35","V36","V37","V38","V39","V40","V41","V42","V43","V44","V45","V46","V47","V48","V49","V50","V51","V52","V53","V54","V55","V56","V57","V58","V59","V60"
"1",NA,0.343063015731385,0.34337121167745,0.342053815702109,0.341857762169669,0.34173867885774,0.343908686047224,0.343208044082198,0.344911524671955,0.341798583635953,0.350608211249136,0.348494484968645,0.350674820898438,0.350659882772377,0.349064058168181,0.350120152593718,0.350562637301446,0.353514263237187,0.351486195831728,0.350189617816775,0.0127575048290326,0.012471581535339,0.00861109473307072,0.00944752817221601,0.00983498128965442,0.00683020037479964,0.00825494706369266,0.0135743067288446,0.0101929387034413,0.0108029588834625,-0.00183660023360103,-0.00402004650235836,-0.00341503781781572,-0.00423839500514307,-0.00167918967111641,-0.00271954893092055,-0.00208808981529126,-0.00246338990048909,-0.00377551830129448,-0.00153176127610365,-0.338746375249724,-0.33599852401646,-0.334375036532835,-0.33580300382681,-0.33607144839139,-0.33883684948127,-0.336595539183449,-0.336481895961167,-0.337946097062087,-0.338094310571284,-0.337563248485118,-0.336822903323138,-0.337085399381718,-0.336287399146512,-0.336735079311798,-0.337542865763394,-0.336514118630661,-0.336640193042088,-0.336561349026469,-0.338124069611247
"2",0.326084789683418,NA,0.342762197899138,0.341661858022662,0.341524712082876,0.343880021378907,0.344465335444811,0.342742876766658,0.343049928526673,0.344725416064478,0.350285395251424,0.352112520847596,0.35128276284457,0.349779309068462,0.350713778212961,0.349623714847222,0.349824966461627,0.351686818300133,0.34953722419289,0.350121769984162,0.0121944336185739,0.0100253050933481,0.00970775468385719,0.00646147406279432,0.00864690890276763,0.0101034485232917,0.00950371507270295,0.0125664249698167,0.00970067059455848,0.0112333013165708,-0.00244273770074286,-0.00181486068186312,-0.00247620439408045,-0.00585365069040945,-0.00267216595367746,-0.00317107898440322,-0.000787885459379477,-0.00432468024150022,-0.00498014449499715,-0.00224468948309782,-0.337949223896841,-0.338080500928716,-0.335846755744529,-0.335766754021249,-0.336828683708036,-0.33643209844082,-0.336734795954184,-0.337792646030639,-0.337276979902004,-0.335194173845526,-0.336092666060885,-0.337240632415101,-0.336992523406642,-0.335516637801804,-0.337650334105417,-0.336347157295707,-0.335690612453256,-0.337196290987972,-0.337537291401564,-0.337003472699453
"3",0.326372282221526,0.325763640382629,NA,0.34100597371424,0.341479251229116,0.342232977215885,0.342014161002257,0.343141238948329,0.342071893551807,0.343125068628328,0.349515322546921,0.350259547938837,0.350078265698664,0.349352009071984,0.350013514306221,0.350132973399599,0.350902831587485,0.348771632559461,0.348688954698368,0.350222841819933,0.0128913492216305,0.0127606361605898,0.00891234296274138,0.0101934740236405,0.00913601780850451,0.00980028375676373,0.0102784367904776,0.0133488559594426,0.0113227863700874,0.0108164296354846,-0.00335502970570847,-0.00433379791586319,-0.00309335172514696,-0.00434880747079569,-0.00460308886933378,-0.00311839473004889,-0.000272617395643906,-0.00559673701107092,-0.00429884889495274,-0.00185844811432828,-0.336263542238816,-0.336779387164626,-0.336053616882959,-0.335209347540398,-0.337786660994601,-0.334847311870177,-0.335284268768237,-0.338032900465228,-0.337236525028223,-0.337674527547,-0.336423536941284,-0.336390555740091,-0.335202878891118,-0.336699431724433,-0.336226100804589,-0.336880846669461,-0.336222268448865,-0.334678035114788,-0.335538255203216,-0.335039912262563
"4",0.325125299760094,0.324733980813134,0.324057139704378,NA,0.343603726286407,0.341646416934011,0.342335871105663,0.343571362162315,0.341184941805848,0.340853980988704,0.348841415785433,0.348882139307534,0.349394743939341,0.351774366615519,0.349656620108389,0.347348911350666,0.349013345631423,0.350298500103422,0.350666677575991,0.348325125662594,0.0138245551231612,0.0110053933323021,0.00732517081893213,0.0075165689735582,0.00765480900822284,0.0086871843486456,0.00911970955770176,0.0107648559558908,0.011178626348887,0.0103352641996248,-0.00336060795640998,-0.00281095449245419,-0.00289583523438552,-0.0040876510419866,-0.00596394518490677,-0.00333720041592408,-0.000303185744228192,-0.00364537736067067,-0.00272214646286329,-0.00293702667550094,-0.335900161204653,-0.336083650429407,-0.335334396846407,-0.335415139696008,-0.335056810866207,-0.335127026719496,-0.336000195591417,-0.335254279958747,-0.336021106728568,-0.334406142720093,-0.335857834936668,-0.337141826909715,-0.335547324116093,-0.336638117297327,-0.335664699723398,-0.335907026929156,-0.336210895445391,-0.334586295427177,-0.33661427501743,-0.334782022430368
"5",0.324864234599688,0.324531621451493,0.324465457112706,0.326660285025256,NA,0.342274009085755,0.342034113572186,0.342755002145467,0.343746194362301,0.340406244386206,0.350656973028489,0.348648370453067,0.348775530719835,0.349735877098943,0.347882655736396,0.349435388089922,0.349135545734806,0.348020369680089,0.349873761831585,0.349338474708976,0.0119992313233909,0.00934140076872365,0.0112088624870966,0.00670954054408801,0.0118233349127482,0.00743817153933115,0.00941925446189137,0.0134520349380778,0.0106485662180111,0.0106137871991576,-0.00197951538895717,-0.00205446411444005,-0.00150104022963519,-0.00472143037838504,-0.00468124809305398,-0.00334409884743963,-0.00295725635423212,-0.00263369975433816,-0.00343645197301495,-0.00396915134372423,-0.334421748495523,-0.33621456357858,-0.335030161845936,-0.33407098756533,-0.335643933334988,-0.334309407389375,-0.335267699039607,-0.335936005329907,-0.335038629459363,-0.334888324851749,-0.336721188327132,-0.336898512888008,-0.337308518842243,-0.335898016939623,-0.336519799865437,-0.334026546350663,-0.335975728240433,-0.336194686226221,-0.336328129008189,-0.336023207960135
"6",0.324782926556151,0.326924854602747,0.325256910019437,0.324740861665207,0.325303367504217,NA,0.341702382133033,0.343127768797732,0.344266505682706,0.343985130047043,0.347434358840378,0.351575100537313,0.351855348680067,0.34963838345208,0.352316930594979,0.350783877922397,0.350894848630442,0.350723995644371,0.351560948127769,0.350372372051243,0.0122265620001242,0.0116414804781025,0.0113697398449186,0.00705218334612953,0.010355870459759,0.00734042624111216,0.00859141495770276,0.011709534812802,0.0117231183255311,0.00783824064122521,-0.00315520924264645,-0.00388206380946189,-0.00370763667060132,-0.00416241031824211,-0.00173504837577973,-0.00185088967810702,-0.00434001451030801,-0.00418291678682467,-0.00401058182788195,-0.00179216216537202,-0.336939814655,-0.339372599778283,-0.334796232180769,-0.336394434405737,-0.33587054416884,-0.335163756808793,-0.338377918028779,-0.336524457374287,-0.337322770748367,-0.336452198628362,-0.335301205335766,-0.336558033891217,-0.337604858505015,-0.337658985881871,-0.33628873473301,-0.336967190336492,-0.337536665883752,-0.33515345731653,-0.337198198622593,-0.335703737051087
"7",0.326897873203551,0.327454997949424,0.324983038849226,0.32537535583961,0.325008418668727,0.32471456550877,NA,0.342534708081956,0.345960466216528,0.341456789947099,0.348822034425932,0.349490070513825,0.351500316289887,0.349621317143663,0.348644187642874,0.349691427971125,0.35130100678668,0.349321458896803,0.351209243564855,0.35003552206839,0.0101586759954221,0.00815830077775509,0.00966466106641177,0.00932419103361683,0.00896588434133507,0.00927964858895065,0.00850475388213269,0.0121120084314584,0.00993528709451243,0.0107104977667653,-0.00086218993905037,-0.00687390733403811,-0.00192719979318829,-0.00303196033266175,-0.00384503721820974,-0.00429136724799779,-0.00441993198727186,-0.00387918122317792,-0.00321970320996992,-0.000936859094087493,-0.335281034486237,-0.334723248103015,-0.334809104019896,-0.336370465953949,-0.336955496078366,-0.335403836656129,-0.334819877430343,-0.336538858299931,-0.336931775444413,-0.337489986204399,-0.336660063174427,-0.337917809488417,-0.335637592219435,-0.334995242898447,-0.335661399078665,-0.336873481913638,-0.337539065332984,-0.335448933467738,-0.33705899261163,-0.334758261144149
"8",0.326273901706744,0.325809457060646,0.326186717886829,0.326687319970977,0.325805876924753,0.326216639196316,0.325568575039866,NA,0.34298375473738,0.343284428474478,0.349030381860971,0.350962303623388,0.352041658285887,0.349508796392917,0.349404278694105,0.350952517325973,0.352185474890569,0.351249878077556,0.350890937217425,0.351893563552309,0.0128335102298308,0.0104190281654438,0.00658514918276877,0.00780261932033977,0.00947906367129071,0.00859933073595924,0.00922588513610991,0.0127835692419189,0.0124205218819807,0.0112692500908373,-0.00280008861985749,-0.00333024137962774,-0.00326936199670648,-0.00488774681706522,-0.00447030349989039,-0.00197015499203777,-0.000697294296760242,-0.00303618874950138,-0.0027918483169947,-0.00324445935025695,-0.337345786563114,-0.336148806627495,-0.33486368328394,-0.337506179373809,-0.338174774395285,-0.337272030770984,-0.335481314445792,-0.337457607758139,-0.337596886128559,-0.337410365412719,-0.337911000965529,-0.337861668519039,-0.335718522170302,-0.336438589304194,-0.336571474131831,-0.336843321744709,-0.336365333705997,-0.33656804362757,-0.33885188034945,-0.337846077248021
"9",0.327927803863975,0.326066662667398,0.325067909896557,0.324251532433061,0.326747667172358,0.327305777412906,0.328944596911134,0.326044779873902,NA,0.341518236001168,0.349025231267547,0.348447797215725,0.350255709563543,0.348894252637472,0.349877331378485,0.349294930121716,0.352069903937496,0.349196674344142,0.349526863238047,0.348524206082491,0.00870914990783846,0.00941643510360271,0.00828679386096573,0.00848753653801449,0.0113433883159455,0.00771849257702219,0.0086100820941894,0.0127017857429159,0.0113227192586668,0.0122241513853417,-0.00207137138172164,-0.00220714328362974,-0.000340174792272269,-0.00500461815751905,-0.00387194956497981,-0.00372474437927372,-0.00340967909668111,-0.00244057882065637,-0.00573649481457111,-0.00175145153296063,-0.335776354630693,-0.337103414049074,-0.334993262733259,-0.334827233117924,-0.335099008999022,-0.337404528824449,-0.336250626522676,-0.336730061139303,-0.339060415622448,-0.338381803797641,-0.334865185328293,-0.338044942783609,-0.336165650164908,-0.334831270195786,-0.334070058535783,-0.337033363141428,-0.335971723096332,-0.336353477233229,-0.337369413616829,-0.336934099584268
"10",0.32486404547305,0.32779150307549,0.326170215245661,0.323969602130671,0.32345681658594,0.327073588783767,0.324490236634651,0.32639449255998,0.324578749915866,NA,0.349082666163439,0.349082687906737,0.350447891269951,0.348982798021961,0.349049123409286,0.350531372877738,0.349031670363565,0.349849199012474,0.348561543326827,0.348658129899014,0.0126229574332253,0.00968156421323187,0.0100216608952758,0.00741397801990955,0.0111730995271875,0.00840250112224901,0.0103869670445456,0.0124489466206349,0.00998576111559203,0.0121418490248123,-0.00173571316223138,-0.00214529135548678,-0.00214200693585904,-0.00466525638930978,-0.00452834692013475,-0.0035491508296105,-0.00215106575454521,-0.00263445775991937,-0.00497408532754078,-0.00224956218191235,-0.335659134981102,-0.336468774590619,-0.333909341529044,-0.33630120812886,-0.336432370700862,-0.335806861954855,-0.338169869706668,-0.337274819635781,-0.337513850795426,-0.336232606771343,-0.335805981518158,-0.33659391619186,-0.334149346757131,-0.336587687725113,-0.33735502405947,-0.335710152866956,-0.336004341721427,-0.334997668259183,-0.335216342986701,-0.336628440402571
"11",0.326686109524062,0.326330988604471,0.32558628872207,0.325010132164,0.326745775497936,0.323539262506838,0.324846625530397,0.325201259053639,0.32505676468733,0.325217691093323,NA,0.370535911691289,0.371348046148342,0.371702608048469,0.371769727741683,0.370791914945037,0.373146543359849,0.371744211368942,0.370813370546652,0.371792586264584,0.0342000869960682,0.0320415632333091,0.0316781718125665,0.0308667574754729,0.0322190257076635,0.0316736434714641,0.0315989642238883,0.0335909938637383,0.0306164483896718,0.0316352910456191,-0.0165668240159048,-0.0155483360046745,-0.0160472764135093,-0.0204544789549819,-0.0184228854790813,-0.0163878683742704,-0.0173972109932024,-0.0146984220761674,-0.0149041696346263,-0.0169801876125737,-0.349369315872895,-0.350461928349591,-0.348215617521245,-0.349684823293961,-0.349094935743684,-0.349037262655023,-0.349117024835875,-0.34969777626143,-0.349864326237747,-0.350027614153568,-0.349476021038067,-0.348954871849454,-0.350213706954419,-0.350060135380976,-0.350821279893072,-0.349146826325269,-0.349730396764433,-0.347964389013474,-0.349812419162507,-0.352233059169729
"12",0.32465638326153,0.328242788084668,0.326414180592893,0.3251347966032,0.324820836507782,0.327764264782266,0.325598975769816,0.327217216786336,0.324563842621759,0.325301956352975,0.324930759610012,NA,0.372170187128652,0.370395765367935,0.371516379580812,0.372362807019764,0.37049916601359,0.371849797941477,0.371085768780118,0.370991419635287,0.0329101821665246,0.031514484349636,0.0306656340737099,0.0296823146485592,0.0311194471392412,0.0314132257880983,0.0299599593526834,0.0333267353941313,0.0333713277164667,0.0314041339061329,-0.014756176486309,-0.0167783096963789,-0.0168935068309358,-0.0185315064924036,-0.0177691978302587,-0.0166648948171507,-0.0168200709366605,-0.0154919822685315,-0.0165356130445022,-0.0133082735713032,-0.351143669408311,-0.351826341213523,-0.348719944194892,-0.348021645131768,-0.349658429588015,-0.350583153683369,-0.35008604903659,-0.349987578504852,-0.349791236581563,-0.351586183718764,-0.349315294573686,-0.349926155550829,-0.350759312737232,-0.348921693938124,-0.349048401002434,-0.352058151958441,-0.351065524513122,-0.348174438912084,-0.349224802042325,-0.348144342866291
"13",0.326771029742037,0.327347006393879,0.326167345172622,0.325581755483462,0.324882430770465,0.327978701479467,0.327543331563697,0.328230844847148,0.326305833828359,0.3266013779962,0.325631572993362,0.326643389843404,NA,0.37137625655708,0.371265993528293,0.371798193481123,0.373156956241532,0.370421049436914,0.37251309640928,0.370613875557311,0.032987202040254,0.0288783085050593,0.0327251814710433,0.0300411555843621,0.031398225243176,0.0297117749787182,0.0308851897439002,0.0325857365684819,0.0314058158516485,0.0329421317787895,-0.016110030578731,-0.0181831761259104,-0.0159238326533406,-0.0165477322864475,-0.0159075232916888,-0.0166416545959514,-0.0156931705296477,-0.0169930817406329,-0.0185198346927492,-0.0160411240042868,-0.35026559747219,-0.350046839515266,-0.349829723715315,-0.347872805259188,-0.349671256626854,-0.353184311543057,-0.34887925239296,-0.350714021665894,-0.350609842956327,-0.352378186564981,-0.350932684742096,-0.350048054305435,-0.349672439491077,-0.348893709202806,-0.349763617354956,-0.349757723741571,-0.350804074941532,-0.349677070547219,-0.350903650331784,-0.348871760322872
"14",0.326804745948646,0.325892324324822,0.325489725125263,0.328009942399466,0.325891410368048,0.325810399542886,0.325713105746963,0.325746584428246,0.324993120345249,0.325184905819926,0.326061157050981,0.324944020127733,0.325813002068011,NA,0.371166436840882,0.372121873887578,0.372506356744509,0.371721227220318,0.374305768377351,0.371900387770844,0.0344601781491781,0.0314831676911418,0.031781351025656,0.0290347708856936,0.030539246870486,0.0315423029496435,0.0300775266776569,0.0351991180886691,0.0316279796764945,0.0309528483654782,-0.0147244521053341,-0.0180733815789913,-0.0160630739937551,-0.0164993076860905,-0.0183840822973118,-0.016692834570853,-0.0180037170425215,-0.0161059586618776,-0.0192491595257809,-0.017295568894162,-0.349785185845389,-0.351072365897275,-0.347854406334435,-0.350548415713142,-0.35010115749068,-0.348931511022772,-0.350432646687613,-0.349582603824359,-0.350617245312136,-0.349819270533591,-0.351242165886072,-0.350102248302882,-0.350102592511176,-0.347844611853721,-0.3490420303897,-0.348944511158342,-0.350560886375883,-0.350036422492566,-0.350794982664227,-0.349490710799423
"15",0.32522262142525,0.326840558682458,0.326164905789988,0.325905937092066,0.324051886928523,0.328502692362291,0.324749716277909,0.325655847783299,0.325989916942685,0.325264978008986,0.32613587835247,0.326072534738434,0.325710498474914,0.325685961004483,NA,0.370499674378033,0.371299953299313,0.371224447255419,0.372125076306164,0.371728942637638,0.0339001236128896,0.0317204067030513,0.0299906694069056,0.0299021653381941,0.0312502373486265,0.0308278277214249,0.0319266775361962,0.0364874290198117,0.0334904643808062,0.0306623379536531,-0.0144075741004349,-0.0168756157596719,-0.0166617029653577,-0.0181732243296789,-0.0154062524885501,-0.0162193037154758,-0.0125857412836321,-0.0176030198006033,-0.0185869333971387,-0.0195640786169338,-0.350196811532396,-0.349154724345859,-0.347785309982956,-0.348743632974857,-0.351377527104496,-0.351373589570408,-0.349717800000758,-0.35107217386022,-0.350000873193254,-0.35105177355068,-0.350171684650571,-0.349428334101223,-0.351298266374462,-0.350398916080954,-0.350210810634439,-0.350016261314097,-0.350138905367507,-0.348149717228169,-0.351065432251938,-0.349581272422444
"16",0.32620678935178,0.32567818665778,0.326212597796884,0.32352633409746,0.325532833294207,0.326897565788427,0.325724806996597,0.327132097008922,0.325335329686985,0.326675182319678,0.325037721284594,0.326798070224124,0.326122098205506,0.326520801428966,0.324906262997468,NA,0.371153260867351,0.372702382383634,0.372121053674232,0.369640359058098,0.03429917827717,0.0307011272730616,0.0328462519053698,0.0306975299251617,0.0295625604874515,0.0306761778162173,0.0290629740869358,0.035593026220814,0.0315348600112046,0.0317583281668324,-0.0144423946477307,-0.016931592565319,-0.0161600325714395,-0.0168157860798304,-0.0162460330641155,-0.0170963013512871,-0.0147017627104728,-0.0183778688659961,-0.0162095694909687,-0.0191295037754883,-0.350316702512431,-0.348869733451578,-0.348648873876967,-0.347711247038525,-0.35028004721431,-0.349309021488756,-0.3493334381063,-0.349747200390327,-0.35197076827491,-0.349054541873047,-0.350263956857329,-0.351664363904203,-0.350357656218186,-0.350277328602151,-0.351124100169315,-0.348327831875412,-0.349695083201801,-0.350026815310262,-0.349256129687869,-0.349467006826707
"17",0.326734937579057,0.325965705651354,0.327067832889731,0.325276351782899,0.325318363298267,0.327094421157543,0.327420350505485,0.328450728203827,0.328196427257166,0.325261336763262,0.327575787743364,0.325118403282285,0.327664479175721,0.327088901812595,0.325890419570121,0.32562287586504,NA,0.370219935253553,0.371276492116922,0.370380287795777,0.0330497557163887,0.0323650841510197,0.0323937388226394,0.0292015921002507,0.0293657554392756,0.031877527260449,0.0295945639167361,0.0342182377291111,0.0326678151652219,0.0324930302393981,-0.0163759763855239,-0.0155529461316255,-0.0151318586345459,-0.0180133793255228,-0.0163759636727776,-0.0203524484279652,-0.0153471067876187,-0.0184946396392903,-0.015875858809247,-0.0144834890988742,-0.351237918424357,-0.350577039701151,-0.349372720452878,-0.349081482937602,-0.348393673575686,-0.349999114611314,-0.351117545504709,-0.351086630285501,-0.350249238070794,-0.349873979577885,-0.350391414002648,-0.352000558940096,-0.350078918648999,-0.350210634458657,-0.350543506928444,-0.352532392041029,-0.34885948763709,-0.35064072066675,-0.351286275566039,-0.349340683185509
"18",0.329625306397066,0.327765838374602,0.324875599249063,0.326500185805566,0.324142111307978,0.326862086822782,0.325379324995247,0.327453692358643,0.325261649036846,0.326017382702902,0.326072063296767,0.326366744503829,0.324826782976417,0.326201896273123,0.325712811674822,0.327070501223741,0.32477114215513,NA,0.371250069064691,0.370844874967873,0.032827424221206,0.0337782081405089,0.02931980229734,0.0298730073877479,0.0310404037158541,0.031059806360796,0.0312829052657149,0.0332437993175679,0.032302833633231,0.0324693553585033,-0.0122032671327941,-0.0179482515609013,-0.0161571461886094,-0.0202543559357279,-0.0179244031344009,-0.0167205877552742,-0.0145625546617446,-0.0168053696870687,-0.0164613840844785,-0.0155936621526053,-0.350183688589354,-0.351774940476632,-0.348483805873475,-0.348941497266187,-0.348224513814079,-0.350713744756599,-0.350764385412048,-0.349478207643608,-0.349420552589404,-0.349585471370507,-0.349443867911571,-0.351900086765444,-0.350587940781286,-0.352194069789263,-0.349819321699583,-0.349743726137581,-0.351731026169231,-0.350077061602911,-0.348451268632974,-0.349278272102407
"19",0.327607366445669,0.325626401141381,0.324803042436008,0.326878503652558,0.326005635727324,0.327709184717489,0.327277262548299,0.327104913901405,0.325601971509631,0.32473986894408,0.325148467784554,0.325610100870961,0.326926155774257,0.328793769206245,0.32662078763923,0.326496448619001,0.325835094862032,0.325707186458728,NA,0.371845509184301,0.0338804520113022,0.0315059818938388,0.0332521558308344,0.0293658408387684,0.0313773950709053,0.03109067206637,0.0302794736693682,0.0329483991149606,0.0306080224258609,0.0330655152484121,-0.0157623986299231,-0.0156217474722782,-0.0157668257253886,-0.0156307016629994,-0.0157512807226978,-0.0180956943256667,-0.0149461798894016,-0.0181134978162844,-0.0156657322167596,-0.0155603276630412,-0.351395725761821,-0.349660897381665,-0.348693084069189,-0.349191838324795,-0.349835047701095,-0.35174898824902,-0.350836584918262,-0.351241832482683,-0.349489868210756,-0.353811938188389,-0.350634218488055,-0.352112132315619,-0.350111220575239,-0.349872047277494,-0.351737331207856,-0.350700166342633,-0.350461990419361,-0.348152180044848,-0.351521450597108,-0.350555559287595
"20",0.326287089355608,0.326187044174973,0.326313330811738,0.32451311249257,0.325446690835431,0.326496761153236,0.326079752678775,0.328083603156602,0.324575542028742,0.324812587548184,0.326117765434582,0.325504994470979,0.325016605624947,0.326377943226935,0.326214085084654,0.32400568550244,0.32492808173731,0.325291843806518,0.326299721154603,NA,0.0310499421111839,0.0326700810779847,0.0317941093730954,0.0307242552708457,0.030143785061075,0.0289426275135298,0.0312902867492012,0.0349129045763343,0.0314956469586287,0.0310019916966427,-0.0160008594352128,-0.0164457638176003,-0.0169828673853144,-0.0172074240304367,-0.0181887463493703,-0.0140780896044105,-0.0138970483197737,-0.0163729245561221,-0.0186171113362765,-0.0149924634762141,-0.349472962220684,-0.348686607702776,-0.349019464067511,-0.350178955506141,-0.3498045544811,-0.347369802078309,-0.348565443404436,-0.351563783206383,-0.349812249932474,-0.348099975228981,-0.349352342669591,-0.349898718528162,-0.350388964985758,-0.347108414216319,-0.35011150623859,-0.350524176651135,-0.350519535650165,-0.349743381426935,-0.349123810513434,-0.351944726550525
"21",-0.0110942479315069,-0.0116890365778455,-0.0109676315783338,-0.00993653158350001,-0.0118419570749781,-0.0115980023659289,-0.0137461138055311,-0.0109253833815217,-0.0151884646069019,-0.0111715137129317,-0.0114013934337015,-0.0125017108368329,-0.0125361947629216,-0.0109882352484587,-0.0115404483200963,-0.0112619933002376,-0.0123279029565856,-0.0126521466978274,-0.0115917580300975,-0.0144328355192291,NA,0.027265318243262,0.0283693267405994,0.0249867780418628,0.024221718336473,0.0255291788707035,0.023909258461124,0.0260942747095411,0.0264097482578258,0.0270967237644138,-0.0238234496311282,-0.0190908175469501,-0.0201201654200588,-0.0214188613541705,-0.0211786704155746,-0.0193928437105714,-0.020665722292797,-0.0209255555518215,-0.0232049768637943,-0.0219429609791742,-0.0192558281513622,-0.0184783614265903,-0.0210731764520127,-0.0200967216527462,-0.0206069241785249,-0.0194595851080362,-0.0191468962902285,-0.0200305320705525,-0.0202714931286903,-0.0186871619566439,-0.019210024244106,-0.0192048764718918,-0.0194788322250828,-0.0234015856210323,-0.0215799611550676,-0.0201003955408607,-0.0212135570922578,-0.021306811046578,-0.020512671662163,-0.0216561178245368
"22",-0.0114063082657072,-0.0138844592636717,-0.0111244119165433,-0.0127818159571252,-0.014525859378747,-0.0122092811353263,-0.0157727114513067,-0.0133660208590365,-0.0145074280412171,-0.0141390949028063,-0.0136078709603108,-0.0139455568134759,-0.0166931250654162,-0.0140132831402637,-0.0137682709787284,-0.0149080101129807,-0.0130607016900185,-0.0117492574156448,-0.0140141530130901,-0.0128604201590095,-0.0181913672173279,NA,0.0251006715754288,0.0253300678051913,0.0279014036795646,0.0253460466832285,0.0277577754287418,0.0268991217750737,0.0266176611683024,0.0261192929702837,-0.0206486879025546,-0.0213010107601666,-0.0208935187750589,-0.0208605277789786,-0.021302703148276,-0.0222903316469519,-0.0222198759712992,-0.0225237037941795,-0.0219359990479406,-0.0203134576162683,-0.0199057240768881,-0.0195760323302973,-0.0174309401193014,-0.0182939414977796,-0.0184198667457496,-0.0181771347226308,-0.0187163474927896,-0.0160194647462007,-0.0202010966100581,-0.0196076373699139,-0.016548780229131,-0.0178753929381959,-0.0190830698889326,-0.0184690029617901,-0.0175277249630968,-0.0201834998997438,-0.018897004263828,-0.0194924192073855,-0.0195896105971287,-0.018768176609771
"23",-0.0152820665312606,-0.0142173751370241,-0.0149879338091548,-0.0164772652063221,-0.0126736147357887,-0.0124963133786955,-0.0142816736094531,-0.0172151291846172,-0.0156524270470904,-0.0138142790236781,-0.0140103514290564,-0.0148334592298484,-0.0128853067465934,-0.0137541310350305,-0.0155370728853024,-0.0128019445492644,-0.0130710659236471,-0.0162466348502598,-0.0123069661287541,-0.0137752872407272,-0.0171263459061994,-0.0204429786261936,NA,0.0277074847521108,0.0274948295886437,0.0265858368851334,0.0299949009218349,0.0253552725891144,0.0255991445925097,0.0252322101942579,-0.0194977694057027,-0.0234107461101234,-0.02201452398693,-0.0214810877048752,-0.0205844642946099,-0.0252540797658557,-0.0209842597388944,-0.0230817043467332,-0.0251548285443435,-0.0209779042878179,-0.0189783943685391,-0.0181802550996324,-0.0172731761691667,-0.0186542226164552,-0.0190481514943348,-0.0176942226677613,-0.0179312793979647,-0.0169332229334271,-0.0169002958908805,-0.0165911168256414,-0.0151013159659103,-0.017527885312023,-0.0178266930527893,-0.0186253639584008,-0.0172079057915052,-0.0178612459111209,-0.0177837679110143,-0.0162249676500321,-0.0196325862196101,-0.0172286591109717
"24",-0.0144486416844138,-0.017466637474896,-0.0137098314044339,-0.0162888149799855,-0.0171759462578993,-0.0168168400859743,-0.0146251524872727,-0.016000585151477,-0.0154546979798121,-0.0164249180566831,-0.014836195844696,-0.0158309672927258,-0.0155836471062222,-0.0165149766723053,-0.0156398162234464,-0.0149650493624968,-0.0162773771525178,-0.0157077636982962,-0.0162076023380518,-0.0148595395015922,-0.0205231178996887,-0.0202278637051964,-0.0178894952855799,NA,0.0238027592423888,0.0269151729779815,0.0262321012860768,0.0255427620075938,0.0274311324615197,0.0258179932888149,-0.022411253016182,-0.0219862339386321,-0.0196350324760047,-0.0205893244083915,-0.0241337791724194,-0.0217580814554408,-0.0243712418151821,-0.0203324988223362,-0.0231190187005242,-0.0235060310713702,-0.0146561722978085,-0.0153298885025059,-0.0157586940420749,-0.01507677686148,-0.0164826435126128,-0.0145839685489122,-0.0163955702719609,-0.0171455232658213,-0.0149779759947134,-0.015074598747332,-0.0159770250727539,-0.0183373801314911,-0.0186163966035736,-0.0144175835744126,-0.0177248060121914,-0.0153509711149079,-0.0157581385714798,-0.0146777104956607,-0.0162476457493189,-0.0159989909684896
"25",-0.0140099027399683,-0.0152297367617282,-0.0147160565980512,-0.016099365680247,-0.0120109213956616,-0.0134618253789027,-0.014932035038141,-0.0142728854796119,-0.0125474272774574,-0.0126145057289385,-0.0133997026767619,-0.0143094794314408,-0.0141422734788524,-0.0149262548704164,-0.014207436350192,-0.0160157880789546,-0.0160288939937546,-0.0144562455485944,-0.0141119039578518,-0.01535606966021,-0.0212039443076668,-0.0175723246225244,-0.0180179275300342,-0.0217242324782846,NA,0.0260516540864545,0.0283811384084901,0.0263354262676428,0.0248217077870314,0.0278597891462549,-0.0219185814630737,-0.0208941561598001,-0.0233830856292273,-0.0208683590168155,-0.0227885211383473,-0.0221992035120294,-0.0228149632992679,-0.0224616540555477,-0.0254439295703408,-0.0230118033965353,-0.0174469291286749,-0.0172621543392065,-0.0152967465824503,-0.0163091494203237,-0.018206881263091,-0.019315684559601,-0.0170034813640431,-0.017918812675322,-0.0181975547255123,-0.0166774149899464,-0.015287993501868,-0.0169360390602688,-0.018896864907092,-0.0164279820611306,-0.017551884989972,-0.0181050701945842,-0.0163763812449043,-0.0180419779941306,-0.0154178504717204,-0.0186041939780319
"26",-0.0170696497256863,-0.013828293570898,-0.0141067369665235,-0.0151217837976077,-0.0164509999802645,-0.0165322136337349,-0.0146733719007988,-0.0152074217580348,-0.016227425280649,-0.0154399893882307,-0.0140502294145613,-0.0141205824950875,-0.0159337594990331,-0.0140280982603189,-0.0147347626785731,-0.0150072452593811,-0.0136219308133852,-0.014541733744954,-0.0145035185136521,-0.0166620461196211,-0.0200013039513157,-0.0202325664553107,-0.0190318781843304,-0.0187168292423955,-0.0194959408217212,NA,0.0269506620374833,0.026639487928215,0.025441189555986,0.0284384966478461,-0.0220319449786779,-0.0213043080243203,-0.0211753513261173,-0.0211763568732023,-0.0240333631746702,-0.0226111035180633,-0.0218947162091715,-0.0239513798616102,-0.0217085135376543,-0.023421492888454,-0.0150980711163479,-0.0152796988081338,-0.0191629254203402,-0.0160357599864593,-0.0170498245199543,-0.017007918021528,-0.0170437830419745,-0.0175346889458686,-0.0173512665391834,-0.0160491449408473,-0.0151837551046158,-0.017632884642032,-0.0183058613600307,-0.0162602278179112,-0.0168583749755643,-0.0168375858575637,-0.0171629799018968,-0.0165324562612833,-0.0162386105202091,-0.0167554559485878
"27",-0.0156157409829226,-0.0143988771317837,-0.0135993803735746,-0.0146602225554576,-0.0144407374061346,-0.0152521246900451,-0.015419051383255,-0.014551839491505,-0.0153066538443557,-0.013426466796676,-0.0140742420393503,-0.015523497404498,-0.0147097979197538,-0.0154424403912769,-0.0135855161126854,-0.0165698347651283,-0.0158545800182115,-0.0142681033165612,-0.0152642087924238,-0.0142637930834057,-0.0215708321195219,-0.0177703615261329,-0.0155722867783839,-0.0193493732660218,-0.0171160617120366,-0.0186514998126171,NA,0.0281474051764838,0.0247776649022167,0.0242102337660055,-0.0214621118183772,-0.0216215059389136,-0.0223655821815484,-0.0201745707362079,-0.0245880255070812,-0.0249097487014006,-0.0205575652129873,-0.0216226325763939,-0.0262432964155555,-0.0227185048942497,-0.0172665194863795,-0.0180602329774459,-0.0161712063766546,-0.0173660598787851,-0.0157065133536752,-0.0185568958562473,-0.0176762399326987,-0.0164223594533471,-0.0178821448147282,-0.0176707930830291,-0.0149925627941672,-0.018396006759633,-0.0158254978431335,-0.0178835491271324,-0.0182675494369706,-0.0148707637041368,-0.0165499464925802,-0.0173556486333766,-0.0184419272596894,-0.0159923999472389
"28",-0.010327237939549,-0.0113671512326698,-0.010559776452387,-0.013046128324758,-0.0104388641745834,-0.0121650011713528,-0.0118427372757537,-0.0110253447087233,-0.0112457756282297,-0.0113955002355676,-0.0120654741193603,-0.0121410764747258,-0.0129931055168236,-0.0103048340235827,-0.00900884669721645,-0.0100232862509733,-0.0112153709642898,-0.0122909294254614,-0.0125790403036397,-0.0106245968867605,-0.0193700339475669,-0.0186129897903448,-0.0201957439982572,-0.0200225969780436,-0.0191458997955224,-0.0189466576323259,-0.0173881900816826,NA,0.0282849415779084,0.0246284722155989,-0.0202909695196904,-0.021872904329789,-0.0232594764680906,-0.0198245694420865,-0.0188905453010936,-0.0233847018721492,-0.0243437547434458,-0.0215375391400211,-0.0246955451169354,-0.0198514179144477,-0.0234481986983695,-0.0209774638753526,-0.0205328432859869,-0.020328779730861,-0.0211437484792676,-0.0211243114837339,-0.0196859025319298,-0.0193473498044179,-0.019215648629249,-0.0202037005139412,-0.0190727614705551,-0.0197794501479258,-0.0221174410565495,-0.0197445112237918,-0.0174173410635665,-0.0216277223762189,-0.0207131038827268,-0.0221247116575816,-0.0226333628587256,-0.0212995176995161
"29",-0.0137096123890148,-0.0142336500275367,-0.0125870137494953,-0.0126327943119534,-0.0132432995197442,-0.012152060362093,-0.0140204147069398,-0.0113885779621955,-0.0126259213482097,-0.01385921720849,-0.0151589573437446,-0.0122129470525906,-0.0142907256308175,-0.0139932334893591,-0.0121228259523812,-0.0141998815694876,-0.0128820036325423,-0.0133498125756606,-0.0150372222851259,-0.0141604207881486,-0.0191713517210239,-0.0190118211699196,-0.0200695859066664,-0.0182518385858614,-0.0207765623280676,-0.0202623803058939,-0.0208753979849918,-0.0173523396047506,NA,0.0268252511518141,-0.0236958084341885,-0.022838632819752,-0.024277144341297,-0.024661351405778,-0.0221021680613117,-0.0216415799731902,-0.0207836463977942,-0.0236660841919109,-0.0217362521243202,-0.0242055301753404,-0.0171011651006464,-0.0187252215267158,-0.0185833306719443,-0.0189671261198176,-0.0185544779545868,-0.0187051312145826,-0.0184884296619614,-0.01690130798221,-0.0166143148548443,-0.0197543171809794,-0.0187010622252255,-0.0187402654350253,-0.016533159443497,-0.0175598288667913,-0.0179176729446677,-0.0187375774409057,-0.017462327201576,-0.0183672387963753,-0.018412074003012,-0.0172525214348847
"30",-0.0130741787886181,-0.0126758653438187,-0.0130677650586224,-0.0134511585125689,-0.0132525942778832,-0.0160118201079391,-0.0132197976147958,-0.0125149911136538,-0.0116991128736209,-0.0116781179644708,-0.0140527853181084,-0.0140944607438471,-0.0126678306583618,-0.0145821418057591,-0.0148649466213565,-0.0138893780742933,-0.0129712495062319,-0.0130965273494663,-0.0124930745981615,-0.0145668079549742,-0.0183983956872701,-0.0194237999684369,-0.0203499155320931,-0.0197784630397274,-0.0176524704930474,-0.017178719873665,-0.0213564654418598,-0.0209219170655799,-0.0188430651578621,NA,-0.0216383359743963,-0.0222449557909141,-0.0219223612844842,-0.0251383015456683,-0.0226498314023343,-0.0198215280156631,-0.0238567584395315,-0.0215003831281046,-0.0221116774323898,-0.0208149347458211,-0.0149901138631099,-0.0188017697274528,-0.0182852723199032,-0.0186919198417435,-0.020507978103668,-0.0204170070776909,-0.0185600926568571,-0.0179684673295078,-0.0189278857347866,-0.0172302208738745,-0.0183810330223297,-0.0164774721090269,-0.0165274851197032,-0.0187701897158286,-0.0193157286183841,-0.0188762266546341,-0.0183327528113132,-0.019990206646671,-0.0177751631485837,-0.0184490662684105
"31",-0.0124081159211447,-0.012965466741866,-0.0139709825461937,-0.0139309642852113,-0.0126073189598963,-0.0137048366508849,-0.0114418895581134,-0.0133889875237213,-0.0125880054767551,-0.0122725344818376,-0.0135395882476828,-0.0117827321390086,-0.0131492727471093,-0.0117431316476551,-0.0114005113002366,-0.0114514874272534,-0.013425342162618,-0.00926783102294899,-0.0128103117503998,-0.0130979559480206,-0.0208922553117933,-0.017717095512792,-0.0165495717759264,-0.019449896070157,-0.0189432353116654,-0.019049681669969,-0.0184758394529934,-0.0174127700960481,-0.0206448215155615,-0.0186473563304333,NA,0.0109834810593394,0.0145319977413089,0.0141551979770924,0.015823651269091,0.0126610916123605,0.0125579940199293,0.0133986008166802,0.0138940689763178,0.0140851474545885,0.0183927903451773,0.0183726624015603,0.016138976137477,0.0177720709252223,0.0166239992600541,0.018127573459058,0.0173568102331633,0.0180825380839521,0.0155400933177966,0.0165849880161052,0.0146950140703496,0.0148351090035214,0.0163255498673569,0.0173612467530417,0.0170852891749057,0.0141977358460304,0.0178370307437733,0.0176307225651106,0.0155845498578476,0.016739366841541
"32",-0.0145638119754361,-0.0123097093037987,-0.0149220514976026,-0.0133535573934403,-0.0126545540005672,-0.014403884537724,-0.0174257747953513,-0.0138913423435881,-0.0126959499446336,-0.0126543161742372,-0.012482110411124,-0.0137660725070839,-0.0151834827550469,-0.0150532176960032,-0.013829744454207,-0.013901717716041,-0.0125635376304416,-0.0149738890342648,-0.0126307567590907,-0.0135038850879578,-0.0161207889700623,-0.0183305258477963,-0.0204236254567742,-0.0189859558958307,-0.0178799912098164,-0.0182831293120227,-0.0185963611130062,-0.0189557458022704,-0.0197487590993261,-0.0192150795558812,-0.0221491284468445,NA,0.0156449763317943,0.0141698750337411,0.0130401043424804,0.0122638350276369,0.0146031219963878,0.0150226571452421,0.0135492569236684,0.0139626206815075,0.0179620224215439,0.0171327900010725,0.0180764466510689,0.0183984182580008,0.016422748249506,0.017923669453516,0.0200373913077582,0.018204514216829,0.0182002613741009,0.0173963395310413,0.0197301210453288,0.0171969614433263,0.0181614249689769,0.0187108430086828,0.0166745653357615,0.0169568247848173,0.0209141345812521,0.0158202913008539,0.0174885525212269,0.017863070124942
"33",-0.0140102669479121,-0.0130225951796287,-0.0137330799169127,-0.0134898765907482,-0.0121526314839508,-0.0142809418888884,-0.0125306451388601,-0.013881974173934,-0.0108804630290644,-0.0127024783947504,-0.0130316738040614,-0.0139317039119007,-0.01297477567037,-0.013093397557859,-0.013666243450591,-0.0131807966096018,-0.0121928868049189,-0.0132334330241741,-0.012826434747073,-0.0140917365207731,-0.0172006736506145,-0.0179736460431918,-0.0190780359259683,-0.0166853706615739,-0.0204193837586588,-0.0182047594618677,-0.0193909579789011,-0.0203930782473152,-0.0212377452839523,-0.018943028964136,-0.0186648344974678,-0.0175346524871751,NA,0.014474284125944,0.0133243561788449,0.0138282425431902,0.0137134867693047,0.00996321555294177,0.0131283826686957,0.0149321115297961,0.0159532308107471,0.0174768630453442,0.0150269634463834,0.0170487206043302,0.0186488951754997,0.0175851685413303,0.0166893366009551,0.0188466590592677,0.01794904827368,0.0157050860122531,0.0179740250583889,0.0161395598557943,0.0164019339484057,0.020222671630651,0.019058626801726,0.0169960450909057,0.018478157967773,0.015352374844247,0.0177682573375044,0.0188811012434212
"34",-0.0148173979808376,-0.0163838478696307,-0.0149722672876654,-0.0146653332754723,-0.0153566861003056,-0.0147194453297849,-0.0136191590679063,-0.0154839110757177,-0.0155287986606573,-0.0152094528947331,-0.017474802541572,-0.0156054196326449,-0.0136343872436135,-0.0135653698442103,-0.0152135848234127,-0.0138723554511309,-0.0151100390868577,-0.0173662412976033,-0.0127259585187115,-0.0143517744434756,-0.0185349438465132,-0.0179762440848931,-0.0185802543068658,-0.0176753701368751,-0.0179403725841312,-0.018241556170263,-0.0172357147323206,-0.0169935844088467,-0.0216580029920662,-0.0221947468520476,-0.0189446258080069,-0.018912373036903,-0.018672539430911,NA,0.0165888330899674,0.0120093551838726,0.01493252960051,0.0133994653490396,0.0112514550751114,0.0130220959526501,0.0190145865372843,0.019027533114242,0.0186991841175503,0.0202991078687163,0.0193137917815798,0.0199083817458071,0.0199463986320192,0.0179048610037639,0.0186901578725873,0.0212533096676432,0.016303123921281,0.0192856481321833,0.0196117970599225,0.0182187558504915,0.0185613419774962,0.01962443834573,0.0174205872376085,0.019831920282345,0.0178560189283706,0.0198202689813418
"35",-0.0122277598223562,-0.0131718352790188,-0.0151961413685911,-0.01651124803873,-0.0152860991706345,-0.0122616343210584,-0.0144017236040093,-0.0150360642608395,-0.0143656240758816,-0.0150421184382096,-0.0153928639287464,-0.0147929955734577,-0.0129439127727148,-0.0153999775761538,-0.0123964706892714,-0.0132522950979473,-0.0134225398932265,-0.0149860553617887,-0.0127963217462716,-0.0152828339725932,-0.0182446161492562,-0.0183682198297796,-0.0176333897153558,-0.0211695759786493,-0.0198103959577513,-0.0210483039933911,-0.021598966503578,-0.0160093183020131,-0.0190485458831148,-0.0196560506063301,-0.0172684371027011,-0.0200342201456476,-0.0198147171977459,-0.016452804669196,NA,0.0144141574752747,0.0145798742192514,0.0157932307714149,0.0141895860480338,0.0137855013262842,0.0183445424777984,0.018743908966428,0.0165269055218817,0.0170407541138631,0.0177832483072242,0.0179552424445941,0.0204830617599552,0.0196461507551367,0.0166593049887544,0.0204354168920777,0.0181492220730446,0.0175379803364647,0.018023521200788,0.0183190590885051,0.0186658185498693,0.0184372843599793,0.017543603639463,0.0167037295647478,0.0179870621531678,0.017145311885698
"36",-0.0132462726036689,-0.0136487975021797,-0.0136896434799044,-0.0138627827272969,-0.0139271846237075,-0.0123556405632855,-0.0148261402805141,-0.0125142188360533,-0.0141964423476503,-0.0140411148951452,-0.0132893657648052,-0.0136205453175815,-0.0136097514534664,-0.0136405208364556,-0.0131412948460182,-0.0140341817781792,-0.0173309524764338,-0.0137140385060061,-0.0150725253972074,-0.0111040078083729,-0.016390694836588,-0.019287684350905,-0.0222347663828738,-0.0187256042519397,-0.0191529088445984,-0.0195577172833656,-0.0218524297320422,-0.0204353606026753,-0.0185194805265456,-0.0167594600266284,-0.0204732873594947,-0.0208528057882928,-0.0193531594112171,-0.0210744393805672,-0.0186616284120818,NA,0.0155849708614536,0.013887502472175,0.0143436364313995,0.015548864224524,0.0157282357633338,0.0187547484838697,0.0190197102563848,0.0167877887376951,0.0182128402735407,0.0165507474769221,0.0195158860403462,0.0173875231150276,0.0186155643956088,0.0180072334495793,0.0175897964290232,0.0197160780887727,0.0179972598684716,0.0178799659458355,0.0167944549671453,0.0174572199656775,0.0212003908000475,0.0185783103229281,0.0186896987430608,0.0172176682286254
"37",-0.0126829540898211,-0.0113339725051575,-0.0109119383642979,-0.0108966599280518,-0.0136083573418734,-0.0149128919642291,-0.0150230291799636,-0.0113092447119185,-0.0139497626683272,-0.0127110839486036,-0.0144519098950262,-0.0139282111242445,-0.0128141320096733,-0.0151040340347676,-0.00966035565401359,-0.0117926713925826,-0.0124779642638,-0.0117087091501994,-0.0120757034917302,-0.0110756637627051,-0.0178160214946507,-0.0193698442292827,-0.0181177099523213,-0.0214915842109871,-0.0199212140136917,-0.0189942314488635,-0.0176529883062603,-0.0215470171715982,-0.0178146644607449,-0.0209474944050691,-0.0205338826576598,-0.0184711419891912,-0.019425390837754,-0.0181091823454808,-0.0184538078203336,-0.0174908098080596,NA,0.0131675625826025,0.015069665485368,0.0135947214427018,0.0158821487925204,0.0168796174912941,0.0178182823938201,0.0157408318116059,0.0173226530872966,0.0181591010110163,0.0157389602642722,0.0164459208566574,0.0163511683009993,0.0155299528406032,0.0164876297257903,0.0182518838706568,0.0177956389058544,0.0155605744590948,0.0166531711590403,0.0176146843872198,0.0164734850608792,0.016525299274194,0.0186141295203757,0.0157841326191515
"38",-0.0130387814065669,-0.0148512424871668,-0.0162165977510531,-0.0142195852898366,-0.0132654081990706,-0.0147363908523147,-0.014462754222206,-0.0136289358670482,-0.0129610596471089,-0.0131751152314883,-0.0116723424524128,-0.012519714510578,-0.014033500397856,-0.0131258088882246,-0.0145971233340554,-0.0153881277418016,-0.0155451870731878,-0.0138711114861469,-0.0151625854472771,-0.0134712016522597,-0.0179955446161267,-0.0195932930838989,-0.0201346842748548,-0.0173723180925199,-0.0194874810774208,-0.0209702907476866,-0.0186375300613421,-0.0186605295964645,-0.0206162628105654,-0.0185105695150822,-0.0197600513116022,-0.0181187024444327,-0.0232424890470266,-0.0197091123560098,-0.0173075513633779,-0.0192555764351003,-0.0199330647312451,NA,0.0159914052405699,0.0147788152945028,0.0182238754508746,0.0183236919514886,0.0154970523439281,0.0182696869812381,0.0166415763364065,0.0201570053827692,0.0191469541423235,0.0185980082412662,0.0191852298671529,0.0178303402929161,0.0191224383549735,0.0175715218799046,0.0194038050802843,0.019344050267869,0.0180501214132725,0.0172934407838869,0.0174847259669212,0.0179068562565532,0.0182945385274504,0.0191925767166698
"39",-0.0143073700440615,-0.0154630899816141,-0.0148751680181404,-0.013252885090934,-0.0140246159448089,-0.0145205156246733,-0.0137596365853352,-0.0133410872883083,-0.0162133856295987,-0.0154712411879841,-0.0118189425538903,-0.0135044389522271,-0.0155011592351224,-0.0162100473321551,-0.0155221197274256,-0.0131607034382883,-0.0128675241091346,-0.013468055999606,-0.0126557810335424,-0.0156562637845662,-0.0202160083185499,-0.0189465557041861,-0.0221487362214015,-0.0200997641821914,-0.0224108240477498,-0.0186683514667943,-0.0231991910168192,-0.0217594197686572,-0.0186273804093796,-0.0190628367102628,-0.0192343760474937,-0.019561702269372,-0.0200470659443049,-0.0218266629536489,-0.018880660633305,-0.0187689500123463,-0.0180004565094306,-0.0171457999616249,NA,0.0155580672336495,0.0191143139500967,0.0207743936690527,0.0191017275213703,0.0211379046128106,0.020854664994084,0.0176706738920032,0.0188834571653004,0.0180868647255867,0.018564863739508,0.0173368071352915,0.0185041347627146,0.0201620524531574,0.0179606715490321,0.0182595385814144,0.0190153621469598,0.0191991955435499,0.0189758688186294,0.0195801677675706,0.020186496400907,0.0177311170344216
"40",-0.0120991137562375,-0.0127631343277872,-0.0124703107767824,-0.013503176002744,-0.0145928533296822,-0.0123375551255501,-0.0115123600776294,-0.0138291275679916,-0.0122638454347652,-0.0127821350922343,-0.0139405715086271,-0.0103225554114637,-0.0130680381278476,-0.0143019457901332,-0.0165447200260316,-0.0161262399570995,-0.0115205956248971,-0.0126459024916442,-0.0125959206393752,-0.0120772210671281,-0.0189994869324956,-0.0173695607483335,-0.0180173844693636,-0.0205323510351169,-0.0200241678407897,-0.0204269062346817,-0.0197199178399617,-0.0169609005384914,-0.0211422192409829,-0.0178116249522356,-0.019071913734665,-0.0191769329990202,-0.0182720085855832,-0.0200846734345164,-0.0193133567784169,-0.0175923025591716,-0.0195040816740818,-0.0183870242932338,-0.0175773664075086,NA,0.0178734334261724,0.0168541661498827,0.0159478093905525,0.0185479892437531,0.0185399259103396,0.0176303993603144,0.0172259529161014,0.0156266285239796,0.01561065709743,0.0189353813277358,0.0161239238585545,0.0173950398378572,0.0145273299322754,0.0179896534290592,0.0160724280076975,0.0179570922191895,0.0163344845449748,0.0168982769245049,0.0175065765896019,0.0183898450637623
"41",-0.349292380201968,-0.348446281295854,-0.346854058116084,-0.346445019548812,-0.345024110961203,-0.34746386860818,-0.345835138140736,-0.347909154848095,-0.346267362893964,-0.346170391031936,-0.346293879575736,-0.348122282376685,-0.347256744198687,-0.346755862092074,-0.347141766413245,-0.347277644456527,-0.348239378880211,-0.347200188360115,-0.348395588747431,-0.346521964749111,-0.0162766752157396,-0.0169261070769766,-0.0159821257428247,-0.0116467361658795,-0.0144236113168085,-0.0120677185520354,-0.0142322068210995,-0.0205219384603425,-0.01400206862302,-0.0119510649059779,-0.0147595395870746,-0.015172756286376,-0.0172461432954176,-0.0140873532845987,-0.0147494825875634,-0.0174081415207599,-0.0172117969782353,-0.0149372115991386,-0.0140163704975309,-0.01528585390415,NA,0.360320121220951,0.359762386766273,0.358359676800604,0.360533443973381,0.358904775660647,0.359812314497411,0.361445383404923,0.362171855486428,0.36064745070296,0.361168837893667,0.36076846594052,0.360801262789594,0.361009284644364,0.360775223291448,0.359749101266158,0.359074599017061,0.359516492318027,0.359930131691607,0.357436842327328
"42",-0.346541787226861,-0.348574788237665,-0.347367175357372,-0.34662567400196,-0.346814162233707,-0.349893858857654,-0.345274599686578,-0.34670929385916,-0.347591708324275,-0.346977221170549,-0.347406736855346,-0.348825113087824,-0.347058147042028,-0.348063206779655,-0.346119878132598,-0.345850871277666,-0.347598622595832,-0.348811546266839,-0.346680886215912,-0.345755662668463,-0.0155193062467502,-0.0166165200748343,-0.0152041197935117,-0.0123406102660412,-0.0142589918899703,-0.0122695430410941,-0.0150460994652524,-0.0180712327052733,-0.0156464394732837,-0.0157829008369383,-0.0147424016707039,-0.0159644325471645,-0.015685215665472,-0.0140369456286204,-0.0143124749879087,-0.0143439091480663,-0.0161768806420947,-0.0148000507344413,-0.0123187687290843,-0.0162676106237591,0.327203178813977,NA,0.360413962156085,0.357720200059311,0.359507509810593,0.35946941442791,0.35963099205291,0.358355799401616,0.360481771077041,0.362903563408532,0.359764230779943,0.360514181184494,0.360654355354036,0.360602062318087,0.36131472556204,0.359805374240214,0.362023388771557,0.359805337327665,0.360346772406826,0.358143622243075
"43",-0.344958384761312,-0.346381247263292,-0.346681460495342,-0.345916445681848,-0.345669816955444,-0.34535759979128,-0.345400643807196,-0.34546423256365,-0.345521727596832,-0.344457866040117,-0.345222509537235,-0.345780519116403,-0.346903027013679,-0.344907114809834,-0.344812294322135,-0.345692054891432,-0.346456071261033,-0.345582373707784,-0.345775009429266,-0.346150527097238,-0.0181759613259081,-0.0145333475398916,-0.0143590093878588,-0.0128313906548849,-0.0123554172075236,-0.0162147510603843,-0.0132189847582858,-0.0176885980198572,-0.0155665319876218,-0.0153283443493288,-0.0169925357637996,-0.0150374891448744,-0.0181515891049537,-0.0143820776804589,-0.0165463769208344,-0.0140957845371582,-0.0152550507699057,-0.0176432230493589,-0.0140080779126419,-0.0171906630092112,0.326628738795972,0.327317810033933,NA,0.357366140114999,0.357802817029064,0.358469868172605,0.3591432733232,0.360166788648294,0.358264362154082,0.358847609613937,0.358109510926516,0.359944341405116,0.358722448456576,0.357649456101132,0.358612100923255,0.359700797779157,0.358560861287845,0.359868568791832,0.35924215512952,0.358720058828588
"44",-0.34636915946507,-0.346283947478077,-0.345820047768573,-0.345980131965895,-0.34469354554938,-0.346938624635564,-0.346944754487328,-0.348089708160681,-0.345338363265346,-0.346832580628437,-0.346622652435657,-0.345013500842035,-0.344877256259192,-0.347532344071945,-0.34570180659908,-0.344685477605627,-0.346096198144877,-0.345971315972485,-0.346204998254223,-0.347241318914181,-0.017130860073818,-0.015327636057855,-0.0156712628209553,-0.0120806390390149,-0.0132990803304411,-0.0130186881158769,-0.0143450062015283,-0.0174158975179118,-0.0158812473478683,-0.015666133001461,-0.0154151769381391,-0.0147713301038185,-0.0161856217301362,-0.0128377894446382,-0.0160882505473864,-0.0163835913635705,-0.0173880775210932,-0.0149263479033832,-0.0120277275997746,-0.0146462860217098,0.32517017373799,0.324568244512542,0.324197506447102,NA,0.357672083701852,0.360549752930099,0.358636514206965,0.359181794331574,0.359950909919138,0.358580803712526,0.358248503496978,0.3611717408475,0.358930587954115,0.358531856334515,0.359800323522811,0.358819289207457,0.358928358784688,0.359182897661713,0.360524854948464,0.359264941392241
"45",-0.346633892041303,-0.34734226747231,-0.348393577866277,-0.345618048868906,-0.346262680998748,-0.346411047926681,-0.347526090361319,-0.348754520612677,-0.345606542974799,-0.346960062072861,-0.346062347147433,-0.346679676134559,-0.346705141090038,-0.347114510269089,-0.348365160812893,-0.347283780317136,-0.345437724898475,-0.345283703017548,-0.346877600069192,-0.346896240271397,-0.0176703860559958,-0.0154829123949368,-0.01609459052427,-0.0135159326421212,-0.0152262143408241,-0.0140622231453324,-0.0127149093510349,-0.0182601387841895,-0.0154982038415722,-0.0175116573112045,-0.0165093163212918,-0.0166930988401559,-0.0145314455040964,-0.013769300542388,-0.0152919507157819,-0.0149046309840535,-0.0157524830876087,-0.0165005188089138,-0.0122570591149747,-0.0146004186258366,0.327397878819077,0.326409404544346,0.324688046016608,0.324501560227972,NA,0.359396006258831,0.361081121749919,0.361806246257055,0.361075121364402,0.359954176837096,0.358998611457148,0.361314960481579,0.360219884375817,0.360750662364492,0.360418912463367,0.35993416711879,0.358344278227847,0.360740423020803,0.361196325117608,0.359389632926208
"46",-0.349394799293047,-0.346941130010731,-0.345449767903717,-0.345683819995293,-0.34492371382476,-0.345699763431428,-0.34596991434436,-0.347847348712702,-0.347907497898508,-0.346330062228009,-0.345976858684988,-0.347576734438213,-0.35019047890579,-0.345917171279591,-0.348333513785636,-0.346284991624526,-0.347015538007808,-0.347745262169535,-0.348763859123057,-0.344433841278906,-0.0164954179849464,-0.0152125244235273,-0.0147129703875324,-0.0115895475710546,-0.0163073426661264,-0.0139925777902507,-0.0155375776623048,-0.0182130858492403,-0.0156210332247922,-0.0173929598913783,-0.0150347923739648,-0.0152212342907027,-0.0156242548582871,-0.0132036924008597,-0.0151489592930551,-0.0165957992541523,-0.0149449913951044,-0.0130141464621429,-0.0154701140550052,-0.0155390075165063,0.325740132453427,0.326342273758519,0.325326081727428,0.32735012970369,0.326250335215336,NA,0.359402867914283,0.360719629060757,0.360201695664819,0.360397672826043,0.360470192840373,0.360198764106012,0.359374242619352,0.358503859203806,0.361035376909122,0.361108663722964,0.360464545981358,0.361078981418549,0.359922607504562,0.360733342146643
"47",-0.347183115490937,-0.347273536367177,-0.345916332997479,-0.346586557153477,-0.345911609430513,-0.348943559857808,-0.345415656742095,-0.346086221608512,-0.346783287739304,-0.348722679910441,-0.346105514052094,-0.347128305052219,-0.34593423797341,-0.347467030296069,-0.346726424553176,-0.346358265584749,-0.348182613490019,-0.347844688540924,-0.347900225094531,-0.345678295134203,-0.0162314238724179,-0.0158004916830688,-0.0149988214150378,-0.013449951591604,-0.0140438361801266,-0.0140772552223518,-0.0147056798482074,-0.0168234705468773,-0.0154531612102914,-0.0155848248760554,-0.0158132798966067,-0.0131153884992646,-0.0165278275706011,-0.0131736164476704,-0.0126291387562278,-0.0136386037246171,-0.017373113279924,-0.0140319732247382,-0.014265159913289,-0.0159513247828271,0.326639803011729,0.326495830541008,0.325991553269442,0.325429037616629,0.327927595174876,0.326220283242464,NA,0.359779826067831,0.359449335297349,0.361411827008437,0.359239311497522,0.361429851126609,0.359577623754872,0.358761368271202,0.358344165331721,0.359682656216957,0.360514514497966,0.359212559515233,0.359875375618469,0.360176091110206
"48",-0.347038846245731,-0.348300714253558,-0.348634331335403,-0.345809989159956,-0.346549250415242,-0.347059442790335,-0.34710394436463,-0.348031800385569,-0.347232107928246,-0.34779698964338,-0.34666829112816,-0.347011915188985,-0.347750978145666,-0.346599043440135,-0.348062914129921,-0.346754017718285,-0.348133758074922,-0.346540446900378,-0.348287446782486,-0.348658489687106,-0.0170970518294608,-0.0130855637649212,-0.0139827239541578,-0.0141818851587303,-0.0149412315493323,-0.0145501777202723,-0.0134338446557652,-0.0164667515650869,-0.0138481785359629,-0.0149752335776286,-0.0150313814809788,-0.0148917834016783,-0.0143142681622001,-0.0151587185237997,-0.0134094449269764,-0.0157103142595115,-0.0166097037804337,-0.0145246475946194,-0.015005331947192,-0.0174941874695692,0.328329375982165,0.325277345567039,0.327071546662921,0.326030815272352,0.328709116418985,0.327593478415074,0.326645744226852,NA,0.361490170244251,0.359654580975152,0.357593526396671,0.360597016785939,0.360399124706106,0.35835765946501,0.360833533013975,0.36109097056919,0.358171549460726,0.359484922912956,0.361413688314932,0.362829649898687
"49",-0.348525344203494,-0.347807378003135,-0.347860258102652,-0.346599098092538,-0.345674186955696,-0.347880059955274,-0.347519207679798,-0.348193390745706,-0.349584768158217,-0.348058307528437,-0.346857686806286,-0.346838333345751,-0.347669647613189,-0.34765646840382,-0.347014365355484,-0.349000436276058,-0.347319125532909,-0.34650564350224,-0.346558313345084,-0.346929848841509,-0.017360815188934,-0.017290031034873,-0.0139726423458476,-0.0120371771707458,-0.0152427460917369,-0.0143895833455085,-0.0149164285174953,-0.0163579472945182,-0.013583969257677,-0.015957460669595,-0.0176003040901866,-0.0149226562032107,-0.0152383926378637,-0.0144000452692992,-0.0164229826126696,-0.0145089671047697,-0.0167310970873322,-0.0139639539138809,-0.0145539166513663,-0.017536776605756,0.329029220306232,0.327376582449372,0.325142479969874,0.326773302631294,0.327951403511745,0.327048947353793,0.326288708600411,0.32838595173278,NA,0.359087754776835,0.363173960326755,0.362086236577765,0.35989351504064,0.359680287624693,0.36039129076065,0.362750707364959,0.360998278792828,0.360164450317973,0.36115409034013,0.35991592606831
"50",-0.348643788626217,-0.345694694727746,-0.348268527143165,-0.344954489792556,-0.34549418064439,-0.346979728310852,-0.348047566911633,-0.347977235647534,-0.348876264272472,-0.34674733736308,-0.346947728281424,-0.34856037790608,-0.349364917553322,-0.346785524625407,-0.347992292991971,-0.34601105323752,-0.346871034180692,-0.34659757219661,-0.350807394039383,-0.34514459736416,-0.0157036129230125,-0.0166236228287576,-0.0135904408617063,-0.0120607472353243,-0.0136496784030262,-0.0130143642504229,-0.0146320542651528,-0.0172730710948346,-0.0166507524678871,-0.0141867441935997,-0.0165833244195762,-0.0157544656771547,-0.0175102892892058,-0.0118646307594272,-0.0126746370072141,-0.0151451984970296,-0.0175799888310695,-0.0153467450679645,-0.0158098969137376,-0.0142399318843296,0.327476898142386,0.329770569189995,0.325697945868873,0.32537525963812,0.326802601303768,0.327217003465967,0.328223312970764,0.326522553075732,0.32592910947981,NA,0.358911540542199,0.359364477532541,0.361916794039232,0.36116659474282,0.360540276523291,0.360336547392735,0.359848601243821,0.357838111530857,0.361281649677212,0.361924253482109
"51",-0.348116482967175,-0.346596933878245,-0.347021301453001,-0.346409739216037,-0.347330735799394,-0.345832399364081,-0.347221408052631,-0.348481344067234,-0.345363494296074,-0.346324342019211,-0.346454482292104,-0.346347572996521,-0.347977556972211,-0.348266536275501,-0.347170382678114,-0.347278699209693,-0.347446465851532,-0.346513987154509,-0.347687728038644,-0.346454884303914,-0.016284440701764,-0.0136227682267189,-0.0121587166353147,-0.0130213031676764,-0.0123183435454026,-0.0122071868820687,-0.0120119827518046,-0.0161999933638088,-0.0156559566858795,-0.0153957265946083,-0.0183972807859959,-0.0133441797346508,-0.0151652712458639,-0.0167385261562643,-0.0148842245875123,-0.0154858467614952,-0.0165460648688124,-0.0139784983636668,-0.014566112206766,-0.0169749632195075,0.328074833006814,0.326708023096216,0.325036214346819,0.325119470123771,0.325923365952038,0.327365949654697,0.326126952298648,0.32453797171199,0.330091612579372,0.325801480500252,NA,0.360327809934689,0.359921612170138,0.357795232957349,0.358591321076153,0.361007586842931,0.360825881175263,0.359158471004046,0.360055560383976,0.358921735255932
"52",-0.347400032453504,-0.347768990869719,-0.347012116664862,-0.347717636981175,-0.347531866230767,-0.347113210983328,-0.348503139112353,-0.348455957283925,-0.34856728141056,-0.347136259578718,-0.345980299185871,-0.347005129509576,-0.347139778764785,-0.347173379794442,-0.346473771567538,-0.348726019080217,-0.34910226783053,-0.3490170299061,-0.349212451908974,-0.347048117607925,-0.016326005685593,-0.0149961619335641,-0.0146321148021508,-0.0154284941997801,-0.0140131169154326,-0.0147031606769049,-0.0154622250870821,-0.0169535014034836,-0.0157420204453752,-0.013538996242103,-0.0182520415647303,-0.01587266068162,-0.0169945712661214,-0.013751366974739,-0.0154910711774108,-0.0133551095242013,-0.0147772249571215,-0.0155243897913205,-0.0129034340486452,-0.0156990873884636,0.327679161197918,0.327462290217081,0.326875703614297,0.3280474995974,0.328244504147499,0.327099339134382,0.328322505320683,0.327546048308663,0.329008671546638,0.326259183875739,0.32729872158059,NA,0.360415053998483,0.360653898810864,0.360245599431099,0.361011441491688,0.360488822381345,0.361615785390764,0.361585461998338,0.360870140802981
"53",-0.347623520653272,-0.347481757100597,-0.345785462461787,-0.346084284348709,-0.347902932504969,-0.348121048509752,-0.346183811852382,-0.346273970895377,-0.346648844249613,-0.344652748110905,-0.347149440260976,-0.347749002630523,-0.346674667598218,-0.34708436067439,-0.348254340968074,-0.347329719929644,-0.347091424461102,-0.347615485816939,-0.347122146406259,-0.347448976458509,-0.016510707862949,-0.0161144900000297,-0.0148414868888676,-0.0156180402437216,-0.0158846284364787,-0.0152866157311733,-0.0128022880527933,-0.0192021587973861,-0.0134452562669998,-0.0134995468420976,-0.0167888484275003,-0.0149354332623737,-0.0167594574960124,-0.0134522740974107,-0.0150326344624771,-0.0151011886439163,-0.0152604529459968,-0.0137193401483996,-0.0151320941100946,-0.0185940141731244,0.327684689916205,0.327575312888412,0.325626707167362,0.325779065985107,0.327122234329381,0.326247552024227,0.32644306452709,0.327321010618206,0.326788798505502,0.328784204335917,0.326865476368509,0.327363602574946,NA,0.35956146517601,0.360479106788755,0.360934399413635,0.361698064346086,0.358143974170458,0.361310648384981,0.360338614766997
"54",-0.346847106262974,-0.346027385428309,-0.34730367322467,-0.347196601173324,-0.346514087546649,-0.348196702574028,-0.345563072484554,-0.347015571479528,-0.345335993678978,-0.347112582828509,-0.347012356274369,-0.345927862438592,-0.345912468459993,-0.34484286009607,-0.347371443128464,-0.347265903328506,-0.347239628853003,-0.349238150167382,-0.34689948905785,-0.344184990246531,-0.0204499786292972,-0.0155169567306705,-0.01565668912419,-0.0114357524094994,-0.0134322242618764,-0.013257496985669,-0.0148768268708189,-0.0168458156850025,-0.0144883975210519,-0.0157587369172031,-0.0157872994647216,-0.0144200222273735,-0.01297292930816,-0.0148793343294429,-0.0147710246826148,-0.0152524238605506,-0.0175295398720238,-0.0138132279850395,-0.0148672345804331,-0.015165757695069,0.327858685367016,0.327489100144873,0.324519665980246,0.325346243235102,0.327618959707465,0.325343097156215,0.325592656983521,0.325245553805583,0.326541495616583,0.327999950733291,0.324705222242347,0.327568428379179,0.326448801633946,NA,0.359496718056943,0.360630055423428,0.359240301483796,0.359610945676542,0.359311058670672,0.359818073432897
"55",-0.347288071996036,-0.348154373840612,-0.346823615452768,-0.346216463921962,-0.347129135588775,-0.346819737735363,-0.346222503393108,-0.3471417227873,-0.344568084339059,-0.34787321055977,-0.347772551567404,-0.34605361084735,-0.346781400830179,-0.346039319090081,-0.34718239332286,-0.348111710342133,-0.347571533095835,-0.346862413840411,-0.348763794433242,-0.347187073833216,-0.0186273716610308,-0.0145746918065426,-0.0142382496638166,-0.0147420003678647,-0.0145551668521031,-0.0138546807065717,-0.0152598679639085,-0.0145176273364436,-0.014845314702267,-0.0163033164477052,-0.0160464913580335,-0.0164394926728842,-0.0141201869023117,-0.0145199578651472,-0.0144074513440095,-0.0163211018320506,-0.0164201536066718,-0.015090374237522,-0.0140946134651113,-0.017066173062419,0.327641439682277,0.328218598605281,0.325499115745877,0.326631533900072,0.327304004167844,0.327891422665752,0.325192243019781,0.327738232628305,0.327269296105513,0.327390449790115,0.325518153111469,0.327176907517479,0.327383240359461,0.326366876689012,NA,0.358733996541405,0.359730360499813,0.362309363107318,0.360471381008198,0.360840090803134
"56",-0.348092387123608,-0.34684772113987,-0.347474889922139,-0.346455424152979,-0.344632448507744,-0.347494766194246,-0.347431105822783,-0.347410245336778,-0.347527862962472,-0.346224930622391,-0.346064904353962,-0.349030319764169,-0.346742426675293,-0.345908737689602,-0.346954750634766,-0.345282311670058,-0.349527423590926,-0.346753803528678,-0.347693597276681,-0.347566779294509,-0.0171148248871929,-0.0171974624982976,-0.0148585443047329,-0.0123350919312408,-0.0150753071401285,-0.0138007743144843,-0.0118299958054445,-0.0186950758208991,-0.0156319723032637,-0.0158307204505775,-0.0189737021441011,-0.0161971227145552,-0.0162224585923759,-0.0134966365106671,-0.0146759148861128,-0.0156983642047202,-0.0154983901231221,-0.0158867748405152,-0.0139506490627166,-0.0152213609213815,0.326575404631719,0.326669228105749,0.326547996482697,0.325610601842131,0.326779455347117,0.327924854378835,0.326491011521728,0.327955801697874,0.329588926837953,0.327146813801461,0.32789437269604,0.327903016553733,0.327798669442349,0.327460264372148,0.325581022115052,NA,0.361591022915599,0.360297302541387,0.360427286504848,0.358255441222326
"57",-0.34706358158972,-0.346191279309019,-0.346816148238316,-0.346759216314788,-0.346581448007009,-0.348064244898928,-0.348096668848725,-0.346932168268125,-0.346466314405208,-0.346519133966376,-0.346684148821977,-0.348073125054001,-0.347824284278693,-0.347560593790168,-0.347112903799263,-0.346685149671548,-0.345889892663799,-0.348776548462442,-0.347490883970575,-0.34759754824241,-0.0182633611608019,-0.0159463825160845,-0.014816536831984,-0.0127777565481209,-0.0133820705139028,-0.0141617060533898,-0.0135446904591654,-0.0178158094887215,-0.0143923840604079,-0.0153227826178335,-0.0152812422523662,-0.0121868512296428,-0.0146871040430239,-0.0156476162486431,-0.01551681921641,-0.0119023102945994,-0.0165867590857073,-0.0156423595766478,-0.0141209824120812,-0.0167909441692239,0.325953905090249,0.328940028969482,0.325460992594956,0.32577276062955,0.325242564805408,0.327333798142738,0.327376008671239,0.325089266925369,0.327889497867013,0.32671192247302,0.327765328326191,0.327433267609059,0.328615270222003,0.326123435654782,0.326630260237658,0.32845121526992,NA,0.3583595409646,0.360199070673319,0.361215634523177
"58",-0.347237589463412,-0.347744934348146,-0.345319876599624,-0.345182391486794,-0.346848342717381,-0.345728916801252,-0.346054571816719,-0.347182660455275,-0.346896063559735,-0.345560282375997,-0.344998898738852,-0.345262478560916,-0.346777927108199,-0.347116631933003,-0.345204191056535,-0.34709758353455,-0.347751513741518,-0.347203164520095,-0.345261632951028,-0.346901996562489,-0.0184370688507888,-0.0166223380963734,-0.0133383398825877,-0.0117779510165442,-0.0151281308134739,-0.013611831857934,-0.0144309495192542,-0.0193079975897809,-0.0153780029571385,-0.0170608187270746,-0.0154977792556473,-0.0172908710007827,-0.0178231575651052,-0.0132465971470482,-0.0163669280764198,-0.0145345232543071,-0.0165453174489346,-0.015230470427396,-0.0135268206838297,-0.0162373821307493,0.326385629668612,0.326711771666119,0.326758395705845,0.326017095758867,0.327628479802993,0.327938039920315,0.326063781126066,0.326392404032883,0.327045390681618,0.324691267572743,0.326087654143887,0.3285499162661,0.325051009096072,0.326483856565963,0.329199045910969,0.327147332935542,0.325262608465681,NA,0.360996156160426,0.358315777849421
"59",-0.34713498570145,-0.3480619608757,-0.34615644772339,-0.347186654262029,-0.34695814943771,-0.347749825977029,-0.347640776296458,-0.349442765885286,-0.347888060746084,-0.345755131779316,-0.346780851256765,-0.346247131946665,-0.34793862015548,-0.347809403180549,-0.348054116828925,-0.346260916256795,-0.348331428377982,-0.345511554263914,-0.348565087241488,-0.3462166080042,-0.0175772440474958,-0.016653762295059,-0.0166801169716713,-0.0132820196516686,-0.0124382587449598,-0.0132520831441415,-0.0154513873147962,-0.0197508925293484,-0.0153568343249608,-0.0147798965387713,-0.0175777279179335,-0.0156560277035504,-0.0154411003915389,-0.0152558041523717,-0.0151167352506531,-0.014456397567414,-0.0144897274955384,-0.0148764771421476,-0.0129539818284854,-0.0156625694231956,0.32676581223152,0.327220094656686,0.326098623123634,0.327325502141881,0.32805089600378,0.326748116607294,0.326692916215914,0.328287861314925,0.328001558974778,0.328101280747613,0.326951829389346,0.328486263056837,0.328184277391547,0.326150657712869,0.327327816072031,0.327243770159613,0.327068492760818,0.327855319766515,NA,0.359964043614575
"60",-0.348666911699091,-0.347497417040847,-0.345627228441337,-0.345323657062208,-0.346622340917457,-0.346224622855105,-0.345309208663674,-0.34840618739325,-0.347422024262293,-0.347136525790435,-0.349183011025554,-0.345148197171311,-0.345888174772942,-0.346486650607119,-0.34655152500436,-0.346453270918622,-0.34636733855557,-0.346319981301442,-0.34758065222011,-0.349018889637931,-0.018702143029887,-0.015813756960819,-0.0142576271353756,-0.0130148175490019,-0.0156061229283774,-0.0137504067647003,-0.012983371443513,-0.0183983795025307,-0.0141788527506391,-0.0154353115853625,-0.016366811443422,-0.0152254643941092,-0.0142720689234278,-0.013235520210715,-0.0159024933045129,-0.0158723978952536,-0.0172636866071152,-0.0139223243223447,-0.0153533321319148,-0.0147231981314809,0.324328598182481,0.325072962858046,0.325632608932095,0.326121732275552,0.326300269240598,0.327614952783117,0.327049773809321,0.329759854751211,0.326819486049314,0.328799985805451,0.325873999255315,0.327826956742616,0.327268258878112,0.32671375459505,0.327752577862133,0.325128030660885,0.328141090209884,0.32523103495475,0.326846014139788,NA
